<ImportExportXml version="9.2.25103.175" SolutionPackageVersion="9.2" languagecode="1033" generatedBy="CrmLive" xmlns:xsi="http://www.w3.org/2001/XMLSchema-instance" OrganizationVersion="9.2.25103.175" OrganizationSchemaType="Standard" CRMServerServiceabilityVersion="9.2.25103.00175">
  <SolutionManifest>
    <UniqueName>AP637</UniqueName>
    <LocalizedNames>
      <LocalizedName description="AP-637" languagecode="1033" />
    </LocalizedNames>
    <Descriptions />
    <Version>1.0.0.3</Version>
    <Managed>0</Managed>
    <Publisher>
      <UniqueName>gigmos</UniqueName>
      <LocalizedNames>
        <LocalizedName description="Gigmos" languagecode="1033" />
      </LocalizedNames>
      <Descriptions />
      <EMailAddress xsi:nil="true"></EMailAddress>
      <SupportingWebsiteUrl xsi:nil="true"></SupportingWebsiteUrl>
      <CustomizationPrefix>gig</CustomizationPrefix>
      <CustomizationOptionValuePrefix>91407</CustomizationOptionValuePrefix>
      <Addresses>
        <Address>
          <AddressNumber>1</AddressNumber>
          <AddressTypeCode>1</AddressTypeCode>
          <City xsi:nil="true"></City>
          <County xsi:nil="true"></County>
          <Country xsi:nil="true"></Country>
          <Fax xsi:nil="true"></Fax>
          <FreightTermsCode xsi:nil="true"></FreightTermsCode>
          <ImportSequenceNumber xsi:nil="true"></ImportSequenceNumber>
          <Latitude xsi:nil="true"></Latitude>
          <Line1 xsi:nil="true"></Line1>
          <Line2 xsi:nil="true"></Line2>
          <Line3 xsi:nil="true"></Line3>
          <Longitude xsi:nil="true"></Longitude>
          <Name xsi:nil="true"></Name>
          <PostalCode xsi:nil="true"></PostalCode>
          <PostOfficeBox xsi:nil="true"></PostOfficeBox>
          <PrimaryContactName xsi:nil="true"></PrimaryContactName>
          <ShippingMethodCode>1</ShippingMethodCode>
          <StateOrProvince xsi:nil="true"></StateOrProvince>
          <Telephone1 xsi:nil="true"></Telephone1>
          <Telephone2 xsi:nil="true"></Telephone2>
          <Telephone3 xsi:nil="true"></Telephone3>
          <TimeZoneRuleVersionNumber xsi:nil="true"></TimeZoneRuleVersionNumber>
          <UPSZone xsi:nil="true"></UPSZone>
          <UTCOffset xsi:nil="true"></UTCOffset>
          <UTCConversionTimeZoneCode xsi:nil="true"></UTCConversionTimeZoneCode>
        </Address>
        <Address>
          <AddressNumber>2</AddressNumber>
          <AddressTypeCode>1</AddressTypeCode>
          <City xsi:nil="true"></City>
          <County xsi:nil="true"></County>
          <Country xsi:nil="true"></Country>
          <Fax xsi:nil="true"></Fax>
          <FreightTermsCode xsi:nil="true"></FreightTermsCode>
          <ImportSequenceNumber xsi:nil="true"></ImportSequenceNumber>
          <Latitude xsi:nil="true"></Latitude>
          <Line1 xsi:nil="true"></Line1>
          <Line2 xsi:nil="true"></Line2>
          <Line3 xsi:nil="true"></Line3>
          <Longitude xsi:nil="true"></Longitude>
          <Name xsi:nil="true"></Name>
          <PostalCode xsi:nil="true"></PostalCode>
          <PostOfficeBox xsi:nil="true"></PostOfficeBox>
          <PrimaryContactName xsi:nil="true"></PrimaryContactName>
          <ShippingMethodCode>1</ShippingMethodCode>
          <StateOrProvince xsi:nil="true"></StateOrProvince>
          <Telephone1 xsi:nil="true"></Telephone1>
          <Telephone2 xsi:nil="true"></Telephone2>
          <Telephone3 xsi:nil="true"></Telephone3>
          <TimeZoneRuleVersionNumber xsi:nil="true"></TimeZoneRuleVersionNumber>
          <UPSZone xsi:nil="true"></UPSZone>
          <UTCOffset xsi:nil="true"></UTCOffset>
          <UTCConversionTimeZoneCode xsi:nil="true"></UTCConversionTimeZoneCode>
        </Address>
      </Addresses>
    </Publisher>
    <RootComponents>
      <RootComponent type="1" schemaName="cr8b3_gw_employee_details" behavior="0" />
      <RootComponent type="29" id="{e05ceb5d-8776-f011-b4cc-000d3a59fa13}" behavior="0" />
      <RootComponent type="29" id="{eed09cae-cbff-ef11-bae3-6045bd09679e}" behavior="0" />
      <RootComponent type="300" schemaName="crf46_gigmoshireup_2e6bc" behavior="0" />
      <RootComponent type="300" schemaName="new_headcountdetails_b2888" behavior="0" />
    </RootComponents>
    <MissingDependencies>
      <MissingDependency>
        <Required type="1" schemaName="cr8b3_auto_daily_huddle" displayName="auto_daily_huddle" solution="Active" />
        <Dependent type="300" schemaName="crf46_gigmoshireup_2e6bc" displayName="EmplyFi Gigmos" />
      </MissingDependency>
      <MissingDependency>
        <Required type="1" schemaName="cr8b3_auto_daily_huddle_attendance" displayName="auto_daily_huddle_attendance" solution="Active" />
        <Dependent type="300" schemaName="crf46_gigmoshireup_2e6bc" displayName="EmplyFi Gigmos" />
      </MissingDependency>
      <MissingDependency>
        <Required type="1" schemaName="cr8b3_auto_employee_details" displayName="auto_employee_details" solution="Active" />
        <Dependent type="1" schemaName="cr8b3_gw_employee_details" displayName="gwia_employee_details" />
      </MissingDependency>
      <MissingDependency>
        <Required type="1" schemaName="cr8b3_auto_employee_details" displayName="auto_employee_details" solution="Active" />
        <Dependent type="300" schemaName="crf46_gigmoshireup_2e6bc" displayName="EmplyFi Gigmos" />
      </MissingDependency>
      <MissingDependency>
        <Required type="1" schemaName="cr8b3_auto_employee_details" displayName="auto_employee_details" solution="Active" />
        <Dependent type="300" schemaName="new_headcountdetails_b2888" displayName="Headcount Details" />
      </MissingDependency>
      <MissingDependency>
        <Required type="1" schemaName="cr8b3_biincentivereport" displayName="BI Incentive Report" solution="Active" />
        <Dependent type="300" schemaName="crf46_gigmoshireup_2e6bc" displayName="EmplyFi Gigmos" />
      </MissingDependency>
      <MissingDependency>
        <Required type="1" schemaName="cr8b3_gwia_ad_mapping_group" displayName="gwia_AD_Mapping_Group" solution="Active" />
        <Dependent type="300" schemaName="crf46_gigmoshireup_2e6bc" displayName="EmplyFi Gigmos" />
      </MissingDependency>
      <MissingDependency>
        <Required type="1" schemaName="cr8b3_gwia_ad_mapping_group" displayName="gwia_AD_Mapping_Group" solution="Active" />
        <Dependent type="300" schemaName="new_headcountdetails_b2888" displayName="Headcount Details" />
      </MissingDependency>
      <MissingDependency>
        <Required type="1" schemaName="cr8b3_gwia_address_type" displayName="gwia_address_type" solution="Active" />
        <Dependent type="300" schemaName="new_headcountdetails_b2888" displayName="Headcount Details" />
      </MissingDependency>
      <MissingDependency>
        <Required type="1" schemaName="cr8b3_gwia_addresses" displayName="gwia_addresses" solution="Active" />
        <Dependent type="300" schemaName="new_headcountdetails_b2888" displayName="Headcount Details" />
      </MissingDependency>
      <MissingDependency>
        <Required type="1" schemaName="cr8b3_gwia_app_visit" displayName="gwia_app_visit" solution="Active" />
        <Dependent type="300" schemaName="new_headcountdetails_b2888" displayName="Headcount Details" />
      </MissingDependency>
      <MissingDependency>
        <Required type="1" schemaName="cr8b3_gwia_approval_status" displayName="gwia_approval_status_master" solution="Active" />
        <Dependent type="300" schemaName="new_headcountdetails_b2888" displayName="Headcount Details" />
      </MissingDependency>
      <MissingDependency>
        <Required type="1" schemaName="cr8b3_gwia_bank_details" displayName="gwia_bank_details" solution="Active" />
        <Dependent type="300" schemaName="crf46_gigmoshireup_2e6bc" displayName="EmplyFi Gigmos" />
      </MissingDependency>
      <MissingDependency>
        <Required type="1" schemaName="cr8b3_gwia_bank_details" displayName="gwia_bank_details" solution="Active" />
        <Dependent type="300" schemaName="new_headcountdetails_b2888" displayName="Headcount Details" />
      </MissingDependency>
      <MissingDependency>
        <Required type="1" schemaName="cr8b3_gwia_bgv" displayName="gwia_bgv" solution="Active" />
        <Dependent type="300" schemaName="new_headcountdetails_b2888" displayName="Headcount Details" />
      </MissingDependency>
      <MissingDependency>
        <Required type="1" schemaName="cr8b3_gwia_bgv_status_master" displayName="gwia_bgv_status_master" solution="Active" />
        <Dependent type="300" schemaName="new_headcountdetails_b2888" displayName="Headcount Details" />
      </MissingDependency>
      <MissingDependency>
        <Required type="1" schemaName="cr8b3_gwia_country_master" displayName="gwia_country_master" solution="Active" />
        <Dependent type="300" schemaName="crf46_gigmoshireup_2e6bc" displayName="EmplyFi Gigmos" />
      </MissingDependency>
      <MissingDependency>
        <Required type="1" schemaName="cr8b3_gwia_country_master" displayName="gwia_country_master" solution="Active" />
        <Dependent type="300" schemaName="new_headcountdetails_b2888" displayName="Headcount Details" />
      </MissingDependency>
      <MissingDependency>
        <Required type="1" schemaName="cr8b3_gwia_department_master" displayName="gwia_department_master" solution="Active" />
        <Dependent type="300" schemaName="crf46_gigmoshireup_2e6bc" displayName="EmplyFi Gigmos" />
      </MissingDependency>
      <MissingDependency>
        <Required type="1" schemaName="cr8b3_gwia_department_master" displayName="gwia_department_master" solution="Active" />
        <Dependent type="300" schemaName="new_headcountdetails_b2888" displayName="Headcount Details" />
      </MissingDependency>
      <MissingDependency>
        <Required type="1" schemaName="cr8b3_gwia_department_type_master" displayName="gwia_department_type_master" solution="Active" />
        <Dependent type="300" schemaName="crf46_gigmoshireup_2e6bc" displayName="EmplyFi Gigmos" />
      </MissingDependency>
      <MissingDependency>
        <Required type="1" schemaName="cr8b3_gwia_designation_master" displayName="gwia_designation_master" solution="Active" />
        <Dependent type="300" schemaName="crf46_gigmoshireup_2e6bc" displayName="EmplyFi Gigmos" />
      </MissingDependency>
      <MissingDependency>
        <Required type="1" schemaName="cr8b3_gwia_designation_master" displayName="gwia_designation_master" solution="Active" />
        <Dependent type="300" schemaName="new_headcountdetails_b2888" displayName="Headcount Details" />
      </MissingDependency>
      <MissingDependency>
        <Required type="1" schemaName="cr8b3_gwia_emp_bank_details" displayName="gwia_employee_bank_details" solution="Active" />
        <Dependent type="1" schemaName="cr8b3_gw_employee_details" displayName="gwia_employee_details" />
      </MissingDependency>
      <MissingDependency>
        <Required type="1" schemaName="cr8b3_gwia_emp_country_master" displayName="gwia_emp_country_master" solution="Active" />
        <Dependent type="300" schemaName="crf46_gigmoshireup_2e6bc" displayName="EmplyFi Gigmos" />
      </MissingDependency>
      <MissingDependency>
        <Required type="1" schemaName="cr8b3_gwia_employee_address_details" displayName="gwia_employee_address_details" solution="Active" />
        <Dependent type="1" schemaName="cr8b3_gw_employee_details" displayName="gwia_employee_details" />
      </MissingDependency>
      <MissingDependency>
        <Required type="1" schemaName="cr8b3_gwia_employee_exception_parameter" displayName="gwia_employee_role_type" solution="Active" />
        <Dependent type="300" schemaName="crf46_gigmoshireup_2e6bc" displayName="EmplyFi Gigmos" />
      </MissingDependency>
      <MissingDependency>
        <Required type="1" schemaName="cr8b3_gwia_employee_exception_parameter" displayName="gwia_employee_role_type" solution="Active" />
        <Dependent type="300" schemaName="new_headcountdetails_b2888" displayName="Headcount Details" />
      </MissingDependency>
      <MissingDependency>
        <Required type="1" schemaName="cr8b3_gwia_employee_exceptions" displayName="gwia_employee_exceptions" solution="Active" />
        <Dependent type="1" schemaName="cr8b3_gw_employee_details" displayName="gwia_employee_details" />
      </MissingDependency>
      <MissingDependency>
        <Required type="1" schemaName="cr8b3_gwia_employee_exceptions" displayName="gwia_employee_exceptions" solution="Active" />
        <Dependent type="300" schemaName="crf46_gigmoshireup_2e6bc" displayName="EmplyFi Gigmos" />
      </MissingDependency>
      <MissingDependency>
        <Required type="1" schemaName="cr8b3_gwia_employee_holiday_calendar" displayName="gwia_employee_holiday_calendar" solution="Active" />
        <Dependent type="300" schemaName="crf46_gigmoshireup_2e6bc" displayName="EmplyFi Gigmos" />
      </MissingDependency>
      <MissingDependency>
        <Required type="1" schemaName="cr8b3_gwia_employee_holiday_type" displayName="gwia_employee_holiday_type" solution="Active" />
        <Dependent type="300" schemaName="crf46_gigmoshireup_2e6bc" displayName="EmplyFi Gigmos" />
      </MissingDependency>
      <MissingDependency>
        <Required type="1" schemaName="cr8b3_gwia_employee_holiday_type" displayName="gwia_employee_holiday_type" solution="Active" />
        <Dependent type="300" schemaName="new_headcountdetails_b2888" displayName="Headcount Details" />
      </MissingDependency>
      <MissingDependency>
        <Required type="1" schemaName="cr8b3_gwia_employee_interaction" displayName="gwia_employee_interaction" solution="Active" />
        <Dependent type="1" schemaName="cr8b3_gw_employee_details" displayName="gwia_employee_details" />
      </MissingDependency>
      <MissingDependency>
        <Required type="1" schemaName="cr8b3_gwia_employee_interaction" displayName="gwia_employee_interaction" solution="Active" />
        <Dependent type="300" schemaName="crf46_gigmoshireup_2e6bc" displayName="EmplyFi Gigmos" />
      </MissingDependency>
      <MissingDependency>
        <Required type="1" schemaName="cr8b3_gwia_employee_log_management" displayName="gwia_employee_log_management" solution="Active" />
        <Dependent type="1" schemaName="cr8b3_gw_employee_details" displayName="gwia_employee_details" />
      </MissingDependency>
      <MissingDependency>
        <Required type="1" schemaName="cr8b3_gwia_employee_log_management" displayName="gwia_employee_log_management" solution="Active" />
        <Dependent type="300" schemaName="crf46_gigmoshireup_2e6bc" displayName="EmplyFi Gigmos" />
      </MissingDependency>
      <MissingDependency>
        <Required type="1" schemaName="cr8b3_gwia_employee_salary_details" displayName="emplyfi_employee_salary_details" solution="Active" />
        <Dependent type="1" schemaName="cr8b3_gw_employee_details" displayName="gwia_employee_details" />
      </MissingDependency>
      <MissingDependency>
        <Required type="1" schemaName="cr8b3_gwia_employee_salary_details" displayName="emplyfi_employee_salary_details" solution="Active" />
        <Dependent type="300" schemaName="crf46_gigmoshireup_2e6bc" displayName="EmplyFi Gigmos" />
      </MissingDependency>
      <MissingDependency>
        <Required type="1" schemaName="cr8b3_gwia_employee_status_master" displayName="gwia_employee_status_master" solution="Active" />
        <Dependent type="300" schemaName="crf46_gigmoshireup_2e6bc" displayName="EmplyFi Gigmos" />
      </MissingDependency>
      <MissingDependency>
        <Required type="1" schemaName="cr8b3_gwia_employee_teramind_report" displayName="gwia_temp_teramind" solution="Active" />
        <Dependent type="1" schemaName="cr8b3_gw_employee_details" displayName="gwia_employee_details" />
      </MissingDependency>
      <MissingDependency>
        <Required type="1" schemaName="cr8b3_gwia_error_master" displayName="gwia_error_master" solution="Active" />
        <Dependent type="300" schemaName="crf46_gigmoshireup_2e6bc" displayName="EmplyFi Gigmos" />
      </MissingDependency>
      <MissingDependency>
        <Required type="1" schemaName="cr8b3_gwia_error_master" displayName="gwia_error_master" solution="Active" />
        <Dependent type="300" schemaName="new_headcountdetails_b2888" displayName="Headcount Details" />
      </MissingDependency>
      <MissingDependency>
        <Required type="1" schemaName="cr8b3_gwia_exception_status_master" displayName="gwia_exception_status_master" solution="Active" />
        <Dependent type="300" schemaName="crf46_gigmoshireup_2e6bc" displayName="EmplyFi Gigmos" />
      </MissingDependency>
      <MissingDependency>
        <Required type="1" schemaName="cr8b3_gwia_gigworker_details" displayName="gwia_gigworker_details" solution="Active" />
        <Dependent type="300" schemaName="crf46_gigmoshireup_2e6bc" displayName="EmplyFi Gigmos" />
      </MissingDependency>
      <MissingDependency>
        <Required type="1" schemaName="cr8b3_gwia_gigworker_details" displayName="gwia_gigworker_details" solution="Active" />
        <Dependent type="300" schemaName="new_headcountdetails_b2888" displayName="Headcount Details" />
      </MissingDependency>
      <MissingDependency>
        <Required type="1" schemaName="cr8b3_gwia_it_audit" displayName="gwia_it_audit" solution="Active" />
        <Dependent type="1" schemaName="cr8b3_gw_employee_details" displayName="gwia_employee_details" />
      </MissingDependency>
      <MissingDependency>
        <Required type="1" schemaName="cr8b3_gwia_kpi_master" displayName="gwia_kpi_master" solution="Active" />
        <Dependent type="300" schemaName="crf46_gigmoshireup_2e6bc" displayName="EmplyFi Gigmos" />
      </MissingDependency>
      <MissingDependency>
        <Required type="1" schemaName="cr8b3_gwia_kpi_rating" displayName="gwia_kpi_rating" solution="Active" />
        <Dependent type="300" schemaName="crf46_gigmoshireup_2e6bc" displayName="EmplyFi Gigmos" />
      </MissingDependency>
      <MissingDependency>
        <Required type="1" schemaName="cr8b3_gwia_location_master" displayName="gwia_location_master" solution="Active" />
        <Dependent type="300" schemaName="crf46_gigmoshireup_2e6bc" displayName="EmplyFi Gigmos" />
      </MissingDependency>
      <MissingDependency>
        <Required type="1" schemaName="cr8b3_gwia_payment_plan" displayName="gwia_payment_plan" solution="Active" />
        <Dependent type="300" schemaName="new_headcountdetails_b2888" displayName="Headcount Details" />
      </MissingDependency>
      <MissingDependency>
        <Required type="1" schemaName="cr8b3_gwia_penalty_rate_masters" displayName="gwia_penalty_rate_masters" solution="Active" />
        <Dependent type="300" schemaName="crf46_gigmoshireup_2e6bc" displayName="EmplyFi Gigmos" />
      </MissingDependency>
      <MissingDependency>
        <Required type="1" schemaName="cr8b3_gwia_salary_increment" displayName="emplyfi_salary_increment" solution="Active" />
        <Dependent type="1" schemaName="cr8b3_gw_employee_details" displayName="gwia_employee_details" />
      </MissingDependency>
      <MissingDependency>
        <Required type="1" schemaName="cr8b3_gwia_salary_increment" displayName="emplyfi_salary_increment" solution="Active" />
        <Dependent type="300" schemaName="crf46_gigmoshireup_2e6bc" displayName="EmplyFi Gigmos" />
      </MissingDependency>
      <MissingDependency>
        <Required type="1" schemaName="cr8b3_gwia_shift_master" displayName="gwia_shift_master" solution="Active" />
        <Dependent type="300" schemaName="new_headcountdetails_b2888" displayName="Headcount Details" />
      </MissingDependency>
      <MissingDependency>
        <Required type="1" schemaName="cr8b3_gwia_shift_type_master" displayName="gwia_shift_type_master" solution="Active" />
        <Dependent type="300" schemaName="crf46_gigmoshireup_2e6bc" displayName="EmplyFi Gigmos" />
      </MissingDependency>
      <MissingDependency>
        <Required type="1" schemaName="cr8b3_gwia_shift_type_master" displayName="gwia_shift_type_master" solution="Active" />
        <Dependent type="300" schemaName="new_headcountdetails_b2888" displayName="Headcount Details" />
      </MissingDependency>
      <MissingDependency>
        <Required type="1" schemaName="cr8b3_gwia_status_master" displayName="gwia_status_master" solution="Active" />
        <Dependent type="300" schemaName="crf46_gigmoshireup_2e6bc" displayName="EmplyFi Gigmos" />
      </MissingDependency>
      <MissingDependency>
        <Required type="1" schemaName="cr8b3_gwia_status_master" displayName="gwia_status_master" solution="Active" />
        <Dependent type="300" schemaName="new_headcountdetails_b2888" displayName="Headcount Details" />
      </MissingDependency>
      <MissingDependency>
        <Required type="1" schemaName="cr8b3_gwia_status_type_master" displayName="gwia_status_type_master" solution="Active" />
        <Dependent type="300" schemaName="crf46_gigmoshireup_2e6bc" displayName="EmplyFi Gigmos" />
      </MissingDependency>
      <MissingDependency>
        <Required type="1" schemaName="cr8b3_gwia_team_master" displayName="gwia_team_master" solution="Active" />
        <Dependent type="300" schemaName="crf46_gigmoshireup_2e6bc" displayName="EmplyFi Gigmos" />
      </MissingDependency>
      <MissingDependency>
        <Required type="1" schemaName="cr8b3_gwia_team_master" displayName="gwia_team_master" solution="Active" />
        <Dependent type="300" schemaName="new_headcountdetails_b2888" displayName="Headcount Details" />
      </MissingDependency>
      <MissingDependency>
        <Required type="1" schemaName="cr8b3_gwia_teramind_lop" displayName="gwia_Teramind_LOP" solution="Active" />
        <Dependent type="300" schemaName="crf46_gigmoshireup_2e6bc" displayName="EmplyFi Gigmos" />
      </MissingDependency>
      <MissingDependency>
        <Required type="1" schemaName="cr8b3_gwia_teramind_report" displayName="gwia_Teramind_Report" solution="Active" />
        <Dependent type="1" schemaName="cr8b3_gw_employee_details" displayName="gwia_employee_details" />
      </MissingDependency>
      <MissingDependency>
        <Required type="1" schemaName="cr8b3_gwia_teramind_report" displayName="gwia_Teramind_Report" solution="Active" />
        <Dependent type="300" schemaName="crf46_gigmoshireup_2e6bc" displayName="EmplyFi Gigmos" />
      </MissingDependency>
      <MissingDependency>
        <Required type="1" schemaName="cr8b3_gwia_variable_pay" displayName="gwia_variable_pay" solution="Active" />
        <Dependent type="1" schemaName="cr8b3_gw_employee_details" displayName="gwia_employee_details" />
      </MissingDependency>
      <MissingDependency>
        <Required type="1" schemaName="cr8b3_gwia_worklocation_master" displayName="gwia_work_loc_master" solution="Active" />
        <Dependent type="300" schemaName="crf46_gigmoshireup_2e6bc" displayName="EmplyFi Gigmos" />
      </MissingDependency>
      <MissingDependency>
        <Required type="1" schemaName="cr8b3_gwia_worklocation_master" displayName="gwia_work_loc_master" solution="Active" />
        <Dependent type="300" schemaName="new_headcountdetails_b2888" displayName="Headcount Details" />
      </MissingDependency>
      <MissingDependency>
        <Required type="1" schemaName="cr8b3_gwie_language_master" displayName="gwia_language_master" solution="Active" />
        <Dependent type="300" schemaName="crf46_gigmoshireup_2e6bc" displayName="EmplyFi Gigmos" />
      </MissingDependency>
      <MissingDependency>
        <Required type="1" schemaName="cr8b3_gwie_language_master" displayName="gwia_language_master" solution="Active" />
        <Dependent type="300" schemaName="new_headcountdetails_b2888" displayName="Headcount Details" />
      </MissingDependency>
      <MissingDependency>
        <Required type="1" schemaName="cr8b3_newtable1" displayName="gwia_gigworker_holiday_type" solution="Active" />
        <Dependent type="300" schemaName="new_headcountdetails_b2888" displayName="Headcount Details" />
      </MissingDependency>
      <MissingDependency>
        <Required type="1" schemaName="cr8b3_newtable3" displayName="auto_team_master" solution="Active" />
        <Dependent type="300" schemaName="crf46_gigmoshireup_2e6bc" displayName="EmplyFi Gigmos" />
      </MissingDependency>
      <MissingDependency>
        <Required type="1" schemaName="cr8b3_newtable3" displayName="auto_team_master" solution="Active" />
        <Dependent type="300" schemaName="new_headcountdetails_b2888" displayName="Headcount Details" />
      </MissingDependency>
      <MissingDependency>
        <Required type="1" schemaName="cr8b3_newtable4" displayName="gwia_penalty" solution="Active" />
        <Dependent type="300" schemaName="crf46_gigmoshireup_2e6bc" displayName="EmplyFi Gigmos" />
      </MissingDependency>
      <MissingDependency>
        <Required type="1" schemaName="crf46_gig_appraisal_forms" displayName="emplyfi_appraisal_forms" solution="Active" />
        <Dependent type="1" schemaName="cr8b3_gw_employee_details" displayName="gwia_employee_details" />
      </MissingDependency>
      <MissingDependency>
        <Required type="1" schemaName="crf46_gig_appraisal_forms" displayName="emplyfi_appraisal_forms" solution="Active" />
        <Dependent type="300" schemaName="crf46_gigmoshireup_2e6bc" displayName="EmplyFi Gigmos" />
      </MissingDependency>
      <MissingDependency>
        <Required type="1" schemaName="crf46_gig_biometric_attendance" displayName="gig_biometric_attendance" solution="Active" />
        <Dependent type="1" schemaName="cr8b3_gw_employee_details" displayName="gwia_employee_details" />
      </MissingDependency>
      <MissingDependency>
        <Required type="1" schemaName="crf46_gig_biometric_attendance" displayName="gig_biometric_attendance" solution="Active" />
        <Dependent type="300" schemaName="crf46_gigmoshireup_2e6bc" displayName="EmplyFi Gigmos" />
      </MissingDependency>
      <MissingDependency>
        <Required type="1" schemaName="crf46_gig_biometric_exceptions" displayName="gig_biometric_exceptions" solution="Active" />
        <Dependent type="1" schemaName="cr8b3_gw_employee_details" displayName="gwia_employee_details" />
      </MissingDependency>
      <MissingDependency>
        <Required type="1" schemaName="crf46_gig_biometric_exceptions" displayName="gig_biometric_exceptions" solution="Active" />
        <Dependent type="300" schemaName="crf46_gigmoshireup_2e6bc" displayName="EmplyFi Gigmos" />
      </MissingDependency>
      <MissingDependency>
        <Required type="1" schemaName="crf46_gig_data_update_requests" displayName="emplyfi_data_update_requests" solution="Active" />
        <Dependent type="1" schemaName="cr8b3_gw_employee_details" displayName="gwia_employee_details" />
      </MissingDependency>
      <MissingDependency>
        <Required type="1" schemaName="crf46_gig_data_update_requests" displayName="emplyfi_data_update_requests" solution="Active" />
        <Dependent type="29" displayName="Emplyfi Update Employee Details" id="{eed09cae-cbff-ef11-bae3-6045bd09679e}" />
      </MissingDependency>
      <MissingDependency>
        <Required type="1" schemaName="crf46_gig_data_update_requests" displayName="emplyfi_data_update_requests" solution="Active" />
        <Dependent type="300" schemaName="crf46_gigmoshireup_2e6bc" displayName="EmplyFi Gigmos" />
      </MissingDependency>
      <MissingDependency>
        <Required type="1" schemaName="crf46_gig_emp_plus_minus_master" displayName="emplyfi_emp_plus_minus_master" solution="Active" />
        <Dependent type="300" schemaName="crf46_gigmoshireup_2e6bc" displayName="EmplyFi Gigmos" />
      </MissingDependency>
      <MissingDependency>
        <Required type="1" schemaName="crf46_gig_emp_plusminus" displayName="emplyfi_emp_plus_minus" solution="Active" />
        <Dependent type="1" schemaName="cr8b3_gw_employee_details" displayName="gwia_employee_details" />
      </MissingDependency>
      <MissingDependency>
        <Required type="1" schemaName="crf46_gig_emp_plusminus" displayName="emplyfi_emp_plus_minus" solution="Active" />
        <Dependent type="300" schemaName="crf46_gigmoshireup_2e6bc" displayName="EmplyFi Gigmos" />
      </MissingDependency>
      <MissingDependency>
        <Required type="1" schemaName="crf46_gig_employee_address_details" displayName="emplyfi_employee_address_details" solution="Active" />
        <Dependent type="1" schemaName="cr8b3_gw_employee_details" displayName="gwia_employee_details" />
      </MissingDependency>
      <MissingDependency>
        <Required type="1" schemaName="crf46_gig_employee_address_details" displayName="emplyfi_employee_address_details" solution="Active" />
        <Dependent type="29" displayName="Emplyfi Update Employee Details" id="{eed09cae-cbff-ef11-bae3-6045bd09679e}" />
      </MissingDependency>
      <MissingDependency>
        <Required type="1" schemaName="crf46_gig_employee_address_details" displayName="emplyfi_employee_address_details" solution="Active" />
        <Dependent type="300" schemaName="crf46_gigmoshireup_2e6bc" displayName="EmplyFi Gigmos" />
      </MissingDependency>
      <MissingDependency>
        <Required type="1" schemaName="crf46_gig_employee_bank_details" displayName="emplyfi_employee_bank_details" solution="Active" />
        <Dependent type="1" schemaName="cr8b3_gw_employee_details" displayName="gwia_employee_details" />
      </MissingDependency>
      <MissingDependency>
        <Required type="1" schemaName="crf46_gig_employee_bank_details" displayName="emplyfi_employee_bank_details" solution="Active" />
        <Dependent type="29" displayName="Emplyfi Update Employee Details" id="{eed09cae-cbff-ef11-bae3-6045bd09679e}" />
      </MissingDependency>
      <MissingDependency>
        <Required type="1" schemaName="crf46_gig_employee_bank_details" displayName="emplyfi_employee_bank_details" solution="Active" />
        <Dependent type="300" schemaName="crf46_gigmoshireup_2e6bc" displayName="EmplyFi Gigmos" />
      </MissingDependency>
      <MissingDependency>
        <Required type="1" schemaName="crf46_gig_employee_bgv" displayName="emplyfi_employee_bgv" solution="Active" />
        <Dependent type="1" schemaName="cr8b3_gw_employee_details" displayName="gwia_employee_details" />
      </MissingDependency>
      <MissingDependency>
        <Required type="1" schemaName="crf46_gig_employee_bgv" displayName="emplyfi_employee_bgv" solution="Active" />
        <Dependent type="300" schemaName="crf46_gigmoshireup_2e6bc" displayName="EmplyFi Gigmos" />
      </MissingDependency>
      <MissingDependency>
        <Required type="1" schemaName="crf46_gig_employee_onboarding" displayName="emplyfi_employee_onboarding" solution="Active" />
        <Dependent type="1" schemaName="cr8b3_gw_employee_details" displayName="gwia_employee_details" />
      </MissingDependency>
      <MissingDependency>
        <Required type="1" schemaName="crf46_gig_employee_onboarding" displayName="emplyfi_employee_onboarding" solution="Active" />
        <Dependent type="300" schemaName="crf46_gigmoshireup_2e6bc" displayName="EmplyFi Gigmos" />
      </MissingDependency>
      <MissingDependency>
        <Required type="1" schemaName="crf46_gig_employee_status_master" displayName="emplyfi_employee_status_master" solution="Active" />
        <Dependent type="300" schemaName="crf46_gigmoshireup_2e6bc" displayName="EmplyFi Gigmos" />
      </MissingDependency>
      <MissingDependency>
        <Required type="1" schemaName="crf46_gig_greythr_lov" displayName="emplyfi_greythr_lov" solution="Active" />
        <Dependent type="300" schemaName="crf46_gigmoshireup_2e6bc" displayName="EmplyFi Gigmos" />
      </MissingDependency>
      <MissingDependency>
        <Required type="1" schemaName="crf46_gig_salary_statement" displayName="gig_salary_statement" solution="Active" />
        <Dependent type="1" schemaName="cr8b3_gw_employee_details" displayName="gwia_employee_details" />
      </MissingDependency>
      <MissingDependency>
        <Required type="1" schemaName="crf46_gig_salary_statement" displayName="gig_salary_statement" solution="Active" />
        <Dependent type="300" schemaName="crf46_gigmoshireup_2e6bc" displayName="EmplyFi Gigmos" />
      </MissingDependency>
      <MissingDependency>
        <Required type="1" schemaName="crf46_gwia_payroll_status" displayName="emplyfi_payroll_status" solution="Active" />
        <Dependent type="300" schemaName="crf46_gigmoshireup_2e6bc" displayName="EmplyFi Gigmos" />
      </MissingDependency>
      <MissingDependency>
        <Required type="1" schemaName="crf46_gwia_trc_details" displayName="gwia_TRC_details" solution="Active" />
        <Dependent type="300" schemaName="new_headcountdetails_b2888" displayName="Headcount Details" />
      </MissingDependency>
      <MissingDependency>
        <Required type="1" schemaName="crf46_log_historyflow" displayName="Log_HistoryFlow" solution="Active" />
        <Dependent type="29" displayName="GW Onboarding Rename Sharepoint Folder" id="{e05ceb5d-8776-f011-b4cc-000d3a59fa13}" />
      </MissingDependency>
      <MissingDependency>
        <Required type="1" schemaName="crf46_log_historyflow" displayName="Log_HistoryFlow" solution="Active" />
        <Dependent type="29" displayName="Emplyfi Update Employee Details" id="{eed09cae-cbff-ef11-bae3-6045bd09679e}" />
      </MissingDependency>
      <MissingDependency>
        <Required type="1" schemaName="crf46_realignment_logs" displayName="realignment_logs" solution="Active" />
        <Dependent type="1" schemaName="cr8b3_gw_employee_details" displayName="gwia_employee_details" />
      </MissingDependency>
      <MissingDependency>
        <Required type="1" schemaName="gig_dailydashboard" displayName="Daily Dashboard" solution="Gigmos (1.0.0.1)" />
        <Dependent type="300" schemaName="new_headcountdetails_b2888" displayName="Headcount Details" />
      </MissingDependency>
      <MissingDependency>
        <Required type="2" schemaName="cr8b3_name" displayName="gw_dept_id" parentSchemaName="cr8b3_gwia_department_type_master" parentDisplayName="gwia_department_type_master" solution="Active" />
        <Dependent type="10" schemaName="cr8b3_cr8b3_gw_employee_details_gw_department_c" displayName="cr8b3_cr8b3_gw_employee_details_gw_department_c" parentSchemaName="cr8b3_gwia_department_type_master" parentDisplayName="gwia_department_type_master" />
      </MissingDependency>
      <MissingDependency>
        <Required type="2" schemaName="cr8b3_name" displayName="gw_designation_id" parentSchemaName="cr8b3_gwia_designation_master" parentDisplayName="gwia_designation_master" solution="Active" />
        <Dependent type="10" schemaName="cr8b3_cr8b3_gw_employee_details_gw_designation_" displayName="cr8b3_cr8b3_gw_employee_details_gw_designation_" parentSchemaName="cr8b3_gwia_designation_master" parentDisplayName="gwia_designation_master" />
      </MissingDependency>
      <MissingDependency>
        <Required type="2" schemaName="cr8b3_name" displayName="gw_country_id" parentSchemaName="cr8b3_gwia_emp_country_master" parentDisplayName="gwia_emp_country_master" solution="Active" />
        <Dependent type="10" schemaName="cr8b3_cr8b3_gw_employee_details_gw_country_cr8b" displayName="cr8b3_cr8b3_gw_employee_details_gw_country_cr8b" parentSchemaName="cr8b3_gwia_emp_country_master" parentDisplayName="gwia_emp_country_master" />
      </MissingDependency>
      <MissingDependency>
        <Required type="2" schemaName="cr8b3_name" displayName="gw_employee_role_id" parentSchemaName="cr8b3_gwia_employee_exception_parameter" parentDisplayName="gwia_employee_role_type" solution="Active" />
        <Dependent type="10" schemaName="cr8b3_cr8b3_gw_employee_details_gw_role_type_id" displayName="cr8b3_cr8b3_gw_employee_details_gw_role_type_id" parentSchemaName="cr8b3_gwia_employee_exception_parameter" parentDisplayName="gwia_employee_role_type" />
      </MissingDependency>
      <MissingDependency>
        <Required type="2" schemaName="cr8b3_name" displayName="gw_employee_type_id" parentSchemaName="cr8b3_gwia_employee_holiday_type" parentDisplayName="gwia_employee_holiday_type" solution="Active" />
        <Dependent type="10" schemaName="cr8b3_cr8b3_gw_employee_details_gw_holiday_type" displayName="cr8b3_cr8b3_gw_employee_details_gw_holiday_type" parentSchemaName="cr8b3_gwia_employee_holiday_type" parentDisplayName="gwia_employee_holiday_type" />
      </MissingDependency>
      <MissingDependency>
        <Required type="2" schemaName="cr8b3_name" displayName="gw_loc_id" parentSchemaName="cr8b3_gwia_location_master" parentDisplayName="gwia_location_master" solution="Active" />
        <Dependent type="10" schemaName="cr8b3_cr8b3_gw_employee_details_gw_location_cr8" displayName="cr8b3_cr8b3_gw_employee_details_gw_location_cr8" parentSchemaName="cr8b3_gwia_location_master" parentDisplayName="gwia_location_master" />
      </MissingDependency>
      <MissingDependency>
        <Required type="2" schemaName="cr8b3_name" displayName="gw_shift_id" parentSchemaName="cr8b3_gwia_shift_type_master" parentDisplayName="gwia_shift_type_master" solution="Active" />
        <Dependent type="10" schemaName="cr8b3_cr8b3_gw_employee_details_gw_shift_timing" displayName="cr8b3_cr8b3_gw_employee_details_gw_shift_timing" parentSchemaName="cr8b3_gwia_shift_type_master" parentDisplayName="gwia_shift_type_master" />
      </MissingDependency>
      <MissingDependency>
        <Required type="2" schemaName="cr8b3_name" displayName="gw_status_id" parentSchemaName="cr8b3_gwia_status_type_master" parentDisplayName="gwia_status_type_master" solution="Active" />
        <Dependent type="10" schemaName="cr8b3_cr8b3_gw_employee_details_gw_confirmation" displayName="cr8b3_cr8b3_gw_employee_details_gw_confirmation" parentSchemaName="cr8b3_gwia_status_type_master" parentDisplayName="gwia_status_type_master" />
      </MissingDependency>
      <MissingDependency>
        <Required type="2" schemaName="cr8b3_name" displayName="gw_workloc_id" parentSchemaName="cr8b3_gwia_worklocation_master" parentDisplayName="gwia_work_loc_master" solution="Active" />
        <Dependent type="10" schemaName="cr8b3_cr8b3_gw_employee_details_gw_worklocation" displayName="cr8b3_cr8b3_gw_employee_details_gw_worklocation" parentSchemaName="cr8b3_gwia_worklocation_master" parentDisplayName="gwia_work_loc_master" />
      </MissingDependency>
      <MissingDependency>
        <Required type="2" schemaName="crf46_gig_onboarding_id" displayName="gig_onboarding_id" parentSchemaName="crf46_gig_employee_onboarding" parentDisplayName="emplyfi_employee_onboarding" solution="Active" />
        <Dependent type="10" schemaName="crf46_cr8b3_gw_employee_details_gw_onboarding_id_crf46_gig_employee_onboarding" displayName="crf46_cr8b3_gw_employee_details_gw_onboarding_id_crf46_gig_employee_onboarding" parentSchemaName="crf46_gig_employee_onboarding" parentDisplayName="emplyfi_employee_onboarding" />
      </MissingDependency>
      <MissingDependency>
        <Required type="2" schemaName="crf46_newcolumn" displayName="gig_status_id" parentSchemaName="crf46_gig_employee_status_master" parentDisplayName="emplyfi_employee_status_master" solution="Active" />
        <Dependent type="10" schemaName="crf46_cr8b3_gw_employee_details_gw_status_id_crf46_gig_employee_status_master" displayName="crf46_cr8b3_gw_employee_details_gw_status_id_crf46_gig_employee_status_master" parentSchemaName="crf46_gig_employee_status_master" parentDisplayName="emplyfi_employee_status_master" />
      </MissingDependency>
      <MissingDependency>
        <Required type="2" schemaName="crf46_gig_value_id" displayName="gig_value_id" parentSchemaName="crf46_gig_greythr_lov" parentDisplayName="emplyfi_greythr_lov" solution="Active" />
        <Dependent type="10" schemaName="crf46_cr8b3_gw_employee_details_gw_greythr_leave_scheme_crf46_gig_greythr_lov" displayName="crf46_cr8b3_gw_employee_details_gw_greythr_leave_scheme_crf46_gig_greythr_lov" parentSchemaName="crf46_gig_greythr_lov" parentDisplayName="emplyfi_greythr_lov" />
      </MissingDependency>
      <MissingDependency>
        <Required type="2" schemaName="crf46_gig_value_id" displayName="gig_value_id" parentSchemaName="crf46_gig_greythr_lov" parentDisplayName="emplyfi_greythr_lov" solution="Active" />
        <Dependent type="10" schemaName="crf46_cr8b3_gw_employee_details_gw_greythr_marital_status_crf46_gig_greythr_lov" displayName="crf46_cr8b3_gw_employee_details_gw_greythr_marital_status_crf46_gig_greythr_lov" parentSchemaName="crf46_gig_greythr_lov" parentDisplayName="emplyfi_greythr_lov" />
      </MissingDependency>
      <MissingDependency>
        <Required type="29" displayName="Flow to Update LOB change in SharePoint Documents" solution="Active" id="{12c7775d-5f13-ef11-9f89-000d3a9a4c75}" />
        <Dependent type="300" schemaName="new_headcountdetails_b2888" displayName="Headcount Details" />
      </MissingDependency>
      <MissingDependency>
        <Required type="29" displayName="Send/Store Resignation PDF" solution="Active" id="{2a3bc508-98bb-ef11-b8e9-000d3a5b938c}" />
        <Dependent type="300" schemaName="new_headcountdetails_b2888" displayName="Headcount Details" />
      </MissingDependency>
      <MissingDependency>
        <Required type="29" displayName="Notifications with Cc" solution="Active" id="{430582eb-ffc2-ed11-83ff-000d3a1d5696}" />
        <Dependent type="300" schemaName="crf46_gigmoshireup_2e6bc" displayName="EmplyFi Gigmos" />
      </MissingDependency>
      <MissingDependency>
        <Required type="29" displayName="Notifications with Cc" solution="Active" id="{430582eb-ffc2-ed11-83ff-000d3a1d5696}" />
        <Dependent type="300" schemaName="new_headcountdetails_b2888" displayName="Headcount Details" />
      </MissingDependency>
      <MissingDependency>
        <Required type="29" displayName="Zendesk- Conversation" solution="Active" id="{4c5837e5-a27d-f011-b4cc-6045bd086a32}" />
        <Dependent type="300" schemaName="new_headcountdetails_b2888" displayName="Headcount Details" />
      </MissingDependency>
      <MissingDependency>
        <Required type="29" displayName="Agreement Update Flow" solution="Active" id="{4df05c64-a912-ef11-9f89-0022481ff68a}" />
        <Dependent type="300" schemaName="new_headcountdetails_b2888" displayName="Headcount Details" />
      </MissingDependency>
      <MissingDependency>
        <Required type="29" displayName="Sharepoint Document Upload" solution="Active" id="{4df26177-c502-ef11-a1fd-6045bd08714d}" />
        <Dependent type="300" schemaName="crf46_gigmoshireup_2e6bc" displayName="EmplyFi Gigmos" />
      </MissingDependency>
      <MissingDependency>
        <Required type="29" displayName="Sharepoint Document Upload" solution="Active" id="{4df26177-c502-ef11-a1fd-6045bd08714d}" />
        <Dependent type="300" schemaName="new_headcountdetails_b2888" displayName="Headcount Details" />
      </MissingDependency>
      <MissingDependency>
        <Required type="29" displayName="Notifications without Cc" solution="Active" id="{7c71f9e1-13c3-ed11-83ff-000d3a1d5696}" />
        <Dependent type="300" schemaName="crf46_gigmoshireup_2e6bc" displayName="EmplyFi Gigmos" />
      </MissingDependency>
      <MissingDependency>
        <Required type="29" displayName="Notifications without Cc" solution="Active" id="{7c71f9e1-13c3-ed11-83ff-000d3a1d5696}" />
        <Dependent type="300" schemaName="new_headcountdetails_b2888" displayName="Headcount Details" />
      </MissingDependency>
      <MissingDependency>
        <Required type="29" displayName="Inactive Leave Withdrawal Flow" solution="Active" id="{8d1c9c23-5d43-ef11-840a-6045bd0a562f}" />
        <Dependent type="300" schemaName="new_headcountdetails_b2888" displayName="Headcount Details" />
      </MissingDependency>
      <MissingDependency>
        <Required type="29" displayName="Gig Workers Doc movement(shortlisted to active)" solution="Active" id="{92afaa99-3f74-f011-bec2-000d3a363dbf}" />
        <Dependent type="300" schemaName="new_headcountdetails_b2888" displayName="Headcount Details" />
      </MissingDependency>
      <MissingDependency>
        <Required type="29" displayName="change folder name of a folder on sharepoint" solution="Active" id="{a453902a-ca20-f011-9989-000d3a363dbf}" />
        <Dependent type="300" schemaName="crf46_gigmoshireup_2e6bc" displayName="EmplyFi Gigmos" />
      </MissingDependency>
      <MissingDependency>
        <Required type="29" displayName="Rejection Email to User" solution="Active" id="{bda569f8-d778-f011-b4cc-000d3a344d85}" />
        <Dependent type="300" schemaName="new_headcountdetails_b2888" displayName="Headcount Details" />
      </MissingDependency>
      <MissingDependency>
        <Required type="29" displayName="NotificationsWithBcc" solution="Active" id="{c73c4834-c269-ee11-9ae7-000d3a1d5fa0}" />
        <Dependent type="300" schemaName="new_headcountdetails_b2888" displayName="Headcount Details" />
      </MissingDependency>
      <MissingDependency>
        <Required type="29" displayName="AAD User Creation" solution="Active" id="{c980c355-e910-ef11-9f89-000d3a9a4c75}" />
        <Dependent type="300" schemaName="crf46_gigmoshireup_2e6bc" displayName="EmplyFi Gigmos" />
      </MissingDependency>
      <MissingDependency>
        <Required type="372" schemaName="gig_emplify-20connections" displayName="Emplify Connections" solution="Active" id="{10468db6-6438-41e6-b963-71936e111744}" />
        <Dependent type="300" schemaName="crf46_gigmoshireup_2e6bc" displayName="EmplyFi Gigmos" />
      </MissingDependency>
      <MissingDependency>
        <Required type="372" schemaName="gig_sal-5ftest" displayName="Sal_test" solution="Active" id="{88591fa6-fe93-417e-84c4-52ff2b91d53a}" />
        <Dependent type="300" schemaName="crf46_gigmoshireup_2e6bc" displayName="EmplyFi Gigmos" />
      </MissingDependency>
      <MissingDependency>
        <Required type="372" schemaName="gig_sal-5ftest" displayName="Sal_test" solution="Active" id="{88591fa6-fe93-417e-84c4-52ff2b91d53a}" />
        <Dependent type="300" schemaName="new_headcountdetails_b2888" displayName="Headcount Details" />
      </MissingDependency>
      <MissingDependency>
        <Required type="372" schemaName="gig_employee-20payroll" displayName="Employee Payroll" solution="Active" id="{aa456148-1207-43f6-a829-61adc5f196e0}" />
        <Dependent type="300" schemaName="crf46_gigmoshireup_2e6bc" displayName="EmplyFi Gigmos" />
      </MissingDependency>
    </MissingDependencies>
  </SolutionManifest>
</ImportExportXml>